{
	"format_version": "1.8.0",
	"animations": {
		"animation.biomes.moonlit_wolf.idle": {
			"loop": true,
			"animation_length": 4,
			"bones": {
				"body": {
					"rotation": ["2.5-Math.cos(query.anim_time*180-60)*1", 0, 0],
					"position": [0, "Math.cos(query.anim_time*180)*0.1", 0]
				},
				"head": {
					"rotation": {
						"0.0": ["2.5-Math.cos(query.anim_time*180+120)*1", 0, 0],
						"0.7917": ["2.5-Math.cos(query.anim_time*180+120)*1", 0, 0],
						"0.8333": ["2.6229-Math.cos(query.anim_time*180+120)*1", -17.48415, -0.75493],
						"0.875": ["5.0097-Math.cos(query.anim_time*180+120)*1", 6.69643, 0.18687],
						"0.9167": ["-0.0019-Math.cos(query.anim_time*180+120)*1", -8.685, -0.34102],
						"0.9583": ["5.4981-Math.cos(query.anim_time*180+120)*1", 3.415, -0.34102],
						"1.0": ["2.5-Math.cos(query.anim_time*180+120)*1", 0, 0],
						"1.0417": ["2.504-Math.cos(query.anim_time*180+120)*1", -12.09898, -0.07565],
						"1.0833": ["5.0097-Math.cos(query.anim_time*180+120)*1", 4.99643, 0.18687],
						"1.125": ["-0.0019-Math.cos(query.anim_time*180+120)*1", -2.485, -0.34102],
						"1.1667": ["5.4981-Math.cos(query.anim_time*180+120)*1", 3.215, -0.34102],
						"1.2083": ["2.5-Math.cos(query.anim_time*180+120)*1", 0, 0]
					}
				},
				"tail": {
					"rotation": ["-55-Math.cos(query.anim_time*180-40)*2", 0, 0],
					"position": [0, 0.86603, -0.5]
				},
				"tail2": {
					"rotation": ["40-Math.cos(query.anim_time*180-120)*3", 0, 0]
				},
				"jaw": {
					"rotation": [0, 0, 0]
				}
			}
		},
		"animation.biomes.moonlit_wolf.walk": {
			"loop": true,
			"animation_length": 1,
			"bones": {
				"body": {
					"rotation": {
						"0.0": [0, 0, 0],
						"0.125": [0.51945, -0.00533, -1.89505],
						"0.2083": [1.25567, 0.04475, -1.96421],
						"0.2917": [2.41586, 0.05652, -1.66586],
						"0.375": [1, 0.03, -1],
						"0.4583": [0.33, 0.01, -0.33],
						"0.5417": [0.17, -0.01, 0.83],
						"0.625": [0.49952, -0.02181, 2.4999],
						"0.7083": [1.24903, -0.05379, 2.36582],
						"0.7917": [2.16586, -0.05652, 1.86586],
						"0.875": [1, -0.03, 1.2],
						"1.0": [0, 0, 0]
					},
					"position": {
						"0.0": [0, 0.1, 0],
						"0.25": [0, 0.1, 0],
						"0.5": [0, 0.1, 0],
						"0.75": [0, 0.1, 0],
						"1.0": [0, 0.1, 0]
					}
				},
				"left_back_leg": {
					"rotation": {
						"0.0": [0, 0, 0],
						"0.2083": [0, 0, 0],
						"0.25": [7, 0, 0],
						"0.3333": [15, 0, 0],
						"0.4167": [21.67, 0, 0],
						"0.5": [4.58, 0, 0],
						"0.5833": [-6.25, 0, 0],
						"0.6667": [-10.42, 0, 0],
						"0.75": [-10.42, 0, 0],
						"0.8333": [-6.25, 0, 0],
						"0.9583": [0, 0, 0],
						"1.0": [0, 0, 0]
					},
					"position": {
						"0.0": [0, 0, 0.5],
						"0.2083": [0, 0, 3],
						"0.25": [0, -0.38, 2.75],
						"0.3333": [0, -0.75, 2.75],
						"0.4167": [0, 0.48, 0.92],
						"0.5": [0, 0.97, -0.25],
						"0.5833": [0, 0.7, -0.75],
						"0.6667": [0, 0.4, -0.75],
						"0.75": [0, 0.2, 0.15],
						"0.8333": [0, 0.15, 0],
						"0.9583": [0, 0, 0],
						"1.0": [0, 0, 0.5]
					}
				},
				"head": {
					"rotation": {
						"0.0": [3, 0, 0],
						"0.125": {
							"pre": [2.5, -0.05, 1],
							"post": [2.5, -0.05, 1],
							"lerp_mode": "catmullrom"
						},
						"0.25": {
							"post": [1.99818, -0.10465, 1.99726],
							"lerp_mode": "catmullrom"
						},
						"0.375": {
							"post": [3.49909, -0.05233, 0.99863],
							"lerp_mode": "catmullrom"
						},
						"0.5": {
							"post": [3, 0, 0],
							"lerp_mode": "catmullrom"
						},
						"0.625": {
							"post": [1.74909, 0.05233, -0.99863],
							"lerp_mode": "catmullrom"
						},
						"0.75": {
							"post": [1.99818, 0.10465, -1.99726],
							"lerp_mode": "catmullrom"
						},
						"0.875": {
							"post": [3.74909, 0.05233, -0.99863],
							"lerp_mode": "catmullrom"
						},
						"1.0": [3, 0, 0]
					}
				},
				"tail": {
					"rotation": ["-55-Math.cos(query.anim_time*360*2-120)*4", 0, 0],
					"position": [0, 0.86603, -0.5]
				},
				"tail2": {
					"rotation": ["40-Math.cos(query.anim_time*360*2-180)*3", 0, 0]
				},
				"jaw": {
					"rotation": [0, 0, 0]
				},
				"right_back_leg": {
					"rotation": {
						"0.0": [4.58, 0, 0],
						"0.0833": [-6.25, 0, 0],
						"0.1667": [-10.42, 0, 0],
						"0.25": [-10.42, 0, 0],
						"0.3333": [-6.25, 0, 0],
						"0.4583": [0, 0, 0],
						"0.7083": [0, 0, 0],
						"0.75": [7, 0, 0],
						"0.8333": [15, 0, 0],
						"0.9167": [21.67, 0, 0],
						"1.0": [4.58, 0, 0]
					},
					"position": {
						"0.0": [0, 0.97, -0.25],
						"0.0833": [0, 0.7, -0.75],
						"0.1667": [0, 0.4, -0.75],
						"0.25": [0, 0.2, 0.15],
						"0.3333": [0, 0.15, 0],
						"0.4583": [0, 0, 0],
						"0.7083": [0, 0, 3],
						"0.75": [0, -0.38, 2.75],
						"0.8333": [0, -0.75, 2.75],
						"0.9167": [0, 0.48, 0.92],
						"1.0": [0, 0.97, -0.25]
					}
				},
				"left_front_leg": {
					"rotation": {
						"0.0": [-12.5, 0, 0],
						"0.0417": [-10.42, 0, 0],
						"0.125": [-6.25, 0, 0],
						"0.25": [0, 0, 0],
						"0.5": [0, 0, 0],
						"0.5417": [7, 0, 0],
						"0.625": [15, 0, 0],
						"0.7083": [21.67, 0, 0],
						"0.75": [10, 0, 0],
						"0.875": [-6.25, 0, 0],
						"0.9583": [-10.42, 0, 0],
						"1.0": [-12.5, 0, 0]
					},
					"position": {
						"0.0": [0, -0.2, 0],
						"0.0417": [0, -0.2, -0.1],
						"0.125": [0, -0.05, 0],
						"0.25": [0, 0.1, 0],
						"0.5": [0, 0.1, 3],
						"0.5417": [0, 0.02, 2.75],
						"0.625": [0, -0.15, 2.25],
						"0.75": [0, 1.1, 0],
						"0.875": [0, 0.7, -0.75],
						"0.9583": [0, 0, -0.5],
						"1.0": [0, -0.2, 0]
					}
				},
				"right_front_leg": {
					"rotation": {
						"0.0": [0, 0, 0],
						"0.0417": [7, 0, 0],
						"0.125": [15, 0, 0],
						"0.2083": [21.67, 0, 0],
						"0.25": [10, 0, 0],
						"0.375": [-6.25, 0, 0],
						"0.4583": [-10.42, 0, 0],
						"0.5": [-12.5, 0, 0],
						"0.5417": [-10.42, 0, 0],
						"0.625": [-6.25, 0, 0],
						"0.75": [0, 0, 0],
						"1.0": [0, 0, 0]
					},
					"position": {
						"0.0": [0, 0.1, 3],
						"0.0417": [0, 0.02, 2.75],
						"0.125": [0, -0.15, 2.25],
						"0.25": [0, 1.1, 0],
						"0.375": [0, 0.7, -0.75],
						"0.4583": [0, 0, -0.5],
						"0.5": [0, -0.2, 0],
						"0.5417": [0, -0.2, -0.1],
						"0.625": [0, -0.05, 0],
						"0.75": [0, 0.1, 0],
						"1.0": [0, 0.1, 3]
					}
				}
			}
		},
		"animation.biomes.moonlit_wolf.run": {
			"loop": true,
			"animation_length": 0.5,
			"bones": {
				"body": {
					"rotation": {
						"0.0": [-4.3648, 0, 0],
						"0.125": [-0.5952, 0, 0],
						"0.25": [5.5552, 0, 0],
						"0.375": [1.3888, 0, 0],
						"0.5": [-4.3648, 0, 0]
					},
					"position": {
						"0.0": [0, 0.317, 0],
						"0.125": [0, 0.1585, 0],
						"0.25": [0, -1.268, 0],
						"0.375": [0, -1.1095, 0],
						"0.5": [0, 0.317, 0]
					}
				},
				"left_back_leg": {
					"rotation": {
						"0.0": [47.5, 0, 0],
						"0.0417": [58.41504, -1.68635, -1.848],
						"0.0833": [23.3688, -3.03072, -3.33499],
						"0.25": [-41.81615, -8.40819, -9.28293],
						"0.375": [2.5, 0, 0],
						"0.4167": [14.17, 0, 0],
						"0.5": [47.5, 0, 0]
					},
					"position": {
						"0.0": [0, -2.25, 0],
						"0.0417": [0, -1.92, -0.67],
						"0.0833": [0, 1.02, 0.65],
						"0.1667": [0, 2.91, 0.29],
						"0.25": [0, 0, 1],
						"0.2917": [0, -0.5, 0.67],
						"0.3333": [0, 0, 0.34],
						"0.375": [0, 0, 0],
						"0.4167": [0, -0.83, 0],
						"0.5": [0, -2.25, 0]
					}
				},
				"head": {
					"rotation": {
						"0.0": [8, 0, 0],
						"0.0417": [7.25, 0, 0],
						"0.125": [8, 0, 0],
						"0.2083": [1.33, 0, 0],
						"0.25": [-2.04, 0, 0],
						"0.2917": [-1.42, 0, 0],
						"0.375": [0.5, 0, 0],
						"0.5": [8, 0, 0]
					}
				},
				"tail": {
					"rotation": {
						"0.0": [-24.9658, 0, 0],
						"0.125": [-33.5658, 0, 0],
						"0.1667": [-33.11, 0, 0],
						"0.25": [-26.0838, 0, 0],
						"0.375": [-12.0658, 0, 0],
						"0.4583": [-20.8378, 0, 0],