{
	"format_version": "1.8.0",
	"animations": {
		"animation.biomes.sleepy_fairy.idle": {
			"loop": true,
			"animation_length": 10.79167,
			"bones": {
				"body": {
					"rotation": {
						"2.37500": {
							"post": [0, 0, 0]
						},
						"3.25000": {
							"post": [5, 0, 0]
						},
						"3.41667": {
							"post": [0, 0, 0]
						}
					},
					"position": {
						"2.37500": {
							"post": [0, 0, 0]
						},
						"3.25000": {
							"post": [0, 0, 0]
						},
						"3.41667": {
							"post": [0, 0, 0]
						}
					}
				},
				"right_leg": {
					"rotation": {
						"0.00000": {
							"post": [0, 0, 2.5]
						},
						"2.37500": {
							"post": [0, 0, 2.5]
						},
						"3.25000": {
							"post": [-7.75, 0, 2.5]
						},
						"3.41667": {
							"post": [0, 0, 2.5]
						}
					},
					"position": {
						"2.37500": {
							"post": [0, 0, 0]
						},
						"3.25000": {
							"post": [0, -0.075, 0]
						},
						"3.41667": {
							"post": [0, 0, 0]
						}
					}
				},
				"left_leg": {
					"rotation": {
						"0.00000": {
							"post": [0, 0, -2.5]
						},
						"2.37500": {
							"post": [0, 0, -2.5]
						},
						"3.25000": {
							"post": [-7.75, 0, -2.5]
						},
						"3.41667": {
							"post": [0, 0, -2.5]
						}
					},
					"position": {
						"2.37500": {
							"post": [0, 0, 0]
						},
						"3.25000": {
							"post": [0, -0.075, 0]
						},
						"3.41667": {
							"post": [0, 0, 0]
						}
					}
				},
				"right_eye": {
					"position": {
						"0.00000": {
							"post": [0, 0, 0]
						},
						"0.08333": {
							"post": [0, -0.5, 0]
						},
						"0.16667": {
							"post": [0, 0, 0]
						},
						"2.50000": {
							"post": [0, 0, 0]
						},
						"2.58333": {
							"post": [0, -0.05, 0]
						},
						"3.20833": {
							"post": [0, -0.25, 0]
						},
						"3.25000": {
							"post": [0, -0.5, 0]
						},
						"3.33333": {
							"post": [0, 0, 0]
						}
					},
					"scale": {
						"0.00000": {
							"post": [1, 1, 1]
						},
						"0.08333": {
							"post": [1, 0, 1]
						},
						"0.16667": {
							"post": [1, 1, 1]
						},
						"2.50000": {
							"post": [1, 1, 1]
						},
						"2.58333": {
							"post": [1, 0.75, 1]
						},
						"3.20833": {
							"post": [1, 0.55, 1]
						},
						"3.25000": {
							"post": [1, 0, 1]
						},
						"3.33333": {
							"post": [1, 1, 1]
						}
					}
				},
				"left_eye": {
					"position": {
						"0.00000": {
							"post": [0, 0, 0]
						},
						"0.08333": {
							"post": [0, -0.5, 0]
						},
						"0.16667": {
							"post": [0, 0, 0]
						},
						"2.50000": {
							"post": [0, 0, 0]
						},
						"2.58333": {
							"post": [0, -0.05, 0]
						},
						"3.20833": {
							"post": [0, -0.25, 0]
						},
						"3.25000": {
							"post": [0, -0.5, 0]
						},
						"3.33333": {
							"post": [0, 0, 0]
						}
					},
					"scale": {
						"0.00000": {
							"post": [1, 1, 1]
						},
						"0.08333": {
							"post": [1, 0, 1]
						},
						"0.16667": {
							"post": [1, 1, 1]
						},
						"2.50000": {
							"post": [1, 1, 1]
						},
						"2.58333": {
							"post": [1, 0.75, 1]
						},
						"3.20833": {
							"post": [1, 0.55, 1]
						},
						"3.25000": {
							"post": [1, 0, 1]
						},
						"3.33333": {
							"post": [1, 1, 1]
						}
					}
				},
				"left_wing": {
					"rotation": {
						"0.00000": {
							"post": [0, 60, 0]
						},
						"1.00000": {
							"post": [0, 5, 0],
							"lerp_mode": "catmullrom"
						},
						"2.00000": {
							"post": [0, 60, 0]
						},
						"3.00000": {
							"post": [0, 12.5, 0],
							"lerp_mode": "catmullrom"
						},
						"4.20833": {
							"post": [0, 5, 0],
							"lerp_mode": "catmullrom"
						},
						"4.62500": {
							"post": [0, 55.93, 0]
						},
						"4.70833": {
							"post": [0, 3.43, 0]
						},
						"4.79167": {
							"post": [0, 55.93, 0]
						},
						"5.00000": {
							"post": [0, 3.43, 0],
							"lerp_mode": "catmullrom"
						},
						"5.29167": {
							"post": [0, 55.93, 0],
							"lerp_mode": "catmullrom"
						},
						"5.75000": {
							"post": [0, 3.43, 0],
							"lerp_mode": "catmullrom"
						},
						"6.20833": {
							"post": [0, 55.93, 0],
							"lerp_mode": "catmullrom"
						},
						"8.00000": {
							"post": [0, 60, 0]
						}
					}
				},
				"right_hand": {
					"rotation": {
						"0.00000": {
							"post": [0, 0, "2.5-Math.cos(query.anim_time*180-60)*3"]
						},
						"3.29167": {
							"post": [0, 0, "2.5-Math.cos(query.anim_time*180-60)*3"]
						},
						"3.37500": {
							"post": [0, 0, "6-Math.cos(query.anim_time*180-60)*3"]
						},
						"3.58333": {
							"post": [0, 0, "2.5-Math.cos(query.anim_time*180-60)*3"]
						}
					}
				},
				"left_hand": {
					"rotation": {
						"0.00000": {
							"post": [0, 0, "-2.5+Math.cos(query.anim_time*180-60)*3"]
						},
						"3.29167": {
							"post": [0, 0, "-2.5+Math.cos(query.anim_time*180-60)*3"]
						},
						"3.37500": {
							"post": [0, 0, "-3.5+Math.cos(query.anim_time*180-60)*3"]
						},
						"3.58333": {
							"post": [0, 0, "-2.5+Math.cos(query.anim_time*180-60)*3"]
						}
					}
				},
				"right_wing": {
					"rotation": {
						"0.00000": {
							"post": [0, -60, 0]
						},
						"1.00000": {
							"post": [0, -5, 0],
							"lerp_mode": "catmullrom"
						},
						"2.00000": {
							"post": [0, -60, 0]
						},
						"3.00000": {
							"post": [0, -12.5, 0],
							"lerp_mode": "catmullrom"
						},
						"4.20833": {
							"post": [0, -5, 0],
							"lerp_mode": "catmullrom"
						},
						"4.62500": {
							"post": [0, -55.93, 0]
						},
						"4.70833": {
							"post": [0, -3.43, 0]
						},
						"4.79167": {
							"post": [0, -55.93, 0]
						},
						"5.00000": {
							"post": [0, -3.43, 0],
							"lerp_mode": "catmullrom"
						},
						"5.29167": {
							"post": [0, -55.93, 0],
							"lerp_mode": "catmullrom"
						},
						"5.75000": {
							"post": [0, -3.43, 0],
							"lerp_mode": "catmullrom"
						},
						"6.20833": {
							"post": [0, -55.93, 0],
							"lerp_mode": "catmullrom"
						},
						"8.00000": {
							"post": [0, -60, 0]
						}
					}
				},
				"head": {
					"rotation": {
						"2.37500": {
							"post": [0, 0, 0]
						},
						"3.25000": {
							"post": [5, 0, 0]
						},
						"3.41667": {
							"post": [-2.5, 0, 0]
						},
						"3.66667": {
							"post": [0, 0, 0]
						}
					},
					"position": {
						"2.37500": {
							"post": [0, 0, 0]
						}
					}
				},
				"hair3": {
					"rotation": {
						"3.16667": {
							"post": [0, 0, 0]
						},
						"3.25000": {
							"post": [0, 0, 0]
						},
						"3.33333": {
							"post": [-5, 0, 0]
						},
						"3.50000": {
							"post": [-3.17, 0, 0]
						},
						"3.58333": {
							"post": [1.5, 0, 0]
						},
						"3.75000": {
							"post": [0, 0, 0]
						}
					}
				}
			}
		},
		"animation.biomes.sleepy_fairy.fly": {
			"loop": true,
			"animation_length": 4,
			"bones": {
				"body": {
					"rotation": ["-(-47.5+Math.cos(query.anim_time*180)*8)", 0, 0],
					"position": [0, "Math.cos(query.anim_time*180-60)*2", "Math.cos(query.anim_time*180-60)*2"]
				},
				"hair": {
					"rotation": ["-(-22.5+Math.cos(query.anim_time*180*10-210)*5)", 0, 0]
				},
				"hair2": {
					"rotation": ["-(-30+Math.cos(query.anim_time*180*10)*12)", 0, 0]
				},
				"right_leg": {
					"rotation": ["-(0+Math.cos(query.anim_time*180*5-150)*1)", 0, 0]
				},
				"left_leg": {
					"rotation": ["-(-15+Math.cos(query.anim_time*180*5)*1)", 0, 0],
					"position": [0, 2.21183, -2.02677]
				},
				"left_wing": {
					"rotation": [0, "-(30+Math.cos(query.anim_time*180*15)*30)", 0]
				},
				"right_hand": {
					"rotation": ["-(Math.cos(query.anim_time*180)*12)", 0, 17.5]
				},
				"left_hand": {
					"rotation": ["-(Math.cos(query.anim_time*180-20)*12)", 0, -17.5]
				},