{
	"format_version": "1.8.0",
	"animations": {
		"animation.biomes.parasitic_worm.idle_out": {
			"loop": true,
			"animation_length": 2,
			"bones": {
				"body": {
					"rotation": {
						"0.00000": {
							"post": [-18, 0, 0]
						},
						"0.08333": {
							"post": [-14, 0, 0]
						},
						"0.16667": {
							"post": [-10, 0, 0]
						},
						"0.25000": {
							"post": [-6, 0, 0]
						},
						"0.33333": {
							"post": [-2, 0, 0]
						},
						"0.41667": {
							"post": [2, 0, 0]
						}
					},
					"position": {
						"0.00000": {
							"post": [0, -23, 34]
						},
						"0.08333": {
							"post": [0, -15.89, 23.93]
						},
						"0.12500": {
							"post": [0, -12, 17]
						},
						"0.16667": {
							"post": [0, -11.1, 14.27]
						},
						"0.25000": {
							"post": [0, -9.84, 7.93]
						},
						"0.33333": {
							"post": [0, -9.19, 2.38]
						},
						"0.41667": {
							"post": [0, -9, 0]
						}
					}
				},
				"body2": {
					"rotation": {
						"0.00000": {
							"post": [-5, 0, 0]
						},
						"0.41667": {
							"post": [-5, 0, 0]
						}
					}
				},
				"body3": {
					"rotation": {
						"0.00000": {
							"post": [-10, 0, 0]
						},
						"0.41667": {
							"post": [-10, 0, 0]
						}
					}
				},
				"body4": {
					"rotation": {
						"0.00000": {
							"post": [-5, 0, 0]
						},
						"0.41667": {
							"post": [-5, 0, 0]
						}
					}
				},
				"body5": {
					"rotation": {
						"0.00000": {
							"post": [-5, 0, 0]
						},
						"0.41667": {
							"post": [-5, 0, 0]
						}
					}
				},
				"body6": {
					"rotation": {
						"0.00000": {
							"post": [-7.5, 0, 0]
						},
						"0.41667": {
							"post": [-7.5, 0, 0]
						}
					}
				},
				"body7": {
					"rotation": {
						"0.00000": {
							"post": [0, 0, 0]
						},
						"0.41667": {
							"post": [0, 0, 0]
						}
					}
				},
				"body8": {
					"rotation": {
						"0.00000": {
							"post": [-5, 0, 0]
						},
						"0.41667": {
							"post": [-5, 0, 0]
						}
					}
				},
				"body9": {
					"rotation": {
						"0.00000": {
							"post": [-5, 0, 0]
						},
						"0.41667": {
							"post": [-5, 0, 0]
						}
					}
				},
				"body10": {
					"rotation": {
						"0.00000": {
							"post": [-7.42391, 1.33591, 0.22942]
						},
						"0.41667": {
							"post": [-7.42391, 1.33591, 0.22942]
						}
					}
				},
				"tongue": {
					"rotation": {
						"0.00000": {
							"post": [0, 0, 0]
						},
						"0.41667": {
							"post": [0, 0, 0]
						}
					}
				},
				"vfx_1": {
					"position": [-9, 0, 3]
				},
				"vfx_2": {
					"position": [8, 0, 21]
				}
			}
		},
		"animation.biomes.parasitic_worm.idle": {
			"loop": true,
			"animation_length": 0.95833,
			"bones": {
				"body": {
					"rotation": [2, 0, 0],
					"position": [0, -9, 0]
				},
				"body2": {
					"rotation": [-5, 0, 0]
				},
				"body3": {
					"rotation": [-10, 0, 0]
				},
				"body4": {
					"rotation": [-5, 0, 0]
				},
				"body5": {
					"rotation": [-5, 0, 0]
				},
				"body6": {
					"rotation": [-7.5, 0, 0]
				},
				"body7": {
					"rotation": [0, 0, 0]
				},
				"body8": {
					"rotation": [-5, 0, 0]
				},
				"body9": {
					"rotation": [-5, 0, 0]
				},
				"body10": {
					"rotation": [-7.42391, 1.33591, 0.22942]
				},
				"tongue": {
					"rotation": [0, 0, 0]
				}
			}
		},
		"animation.biomes.parasitic_worm.idle_tooth": {
			"loop": true,
			"animation_length": 1,
			"bones": {
				"tooth": {
					"rotation": {
						"0.00000": {
							"post": [0, 0, 0]
						},
						"1.00000": {
							"post": [0, 0, 360]
						}
					}
				},
				"tooth2": {
					"rotation": {
						"0.00000": {
							"post": [0, 0, 0]
						},
						"1.00000": {
							"post": [0, 0, -360]
						}
					}
				},
				"tooth3": {
					"rotation": {
						"0.00000": {
							"post": [0, 0, 0]
						},
						"1.00000": {
							"post": [0, 0, 360]
						}
					}
				},
				"tooth4": {
					"rotation": {
						"0.00000": {
							"post": [0, 0, 0]
						},
						"1.00000": {
							"post": [0, 0, -360]
						}
					}
				}
			}
		},
		"animation.biomes.parasitic_worm.idle_in": {
			"loop": true,
			"animation_length": 2.58333,
			"bones": {
				"body": {
					"rotation": {
						"0.00000": {
							"post": [2, 0, 0]
						},
						"0.25000": {
							"post": [22, 0, 0]
						},
						"0.50000": {
							"post": [24.5, 0, 0]
						},
						"0.75000": {
							"post": [32, 0, 0]
						}
					},
					"position": {
						"0.00000": {
							"post": [0, -9, 0]
						},
						"0.25000": {
							"post": [0, -17, -9]
						},
						"0.50000": {
							"post": [0, -29, -17]
						},
						"0.75000": {
							"post": [0, -40, -19]
						},
						"1.00000": {
							"post": [0, -49, -25]
						}
					}
				},
				"body2": {
					"rotation": {
						"0.00000": {
							"post": [-5, 0, 0]
						},
						"0.25000": {
							"post": [2.5, 0, 0]
						}
					}
				},
				"body3": {
					"rotation": {
						"0.00000": {
							"post": [-10, 0, 0]
						},
						"0.25000": {
							"post": [-17.5, 0, 0]
						},
						"0.50000": {
							"post": [-7.5, 0, 0]
						}
					}
				},
				"body4": {
					"rotation": {
						"0.00000": {
							"post": [-5, 0, 0]
						},
						"0.25000": {
							"post": [-15, 0, 0]
						},
						"0.50000": {
							"post": [-7.5, 0, 0]
						}
					}
				},
				"body5": {
					"rotation": {
						"0.00000": {
							"post": [-5, 0, 0]
						},
						"0.25000": {
							"post": [-15, 0, 0]
						}
					}
				},
				"body6": {
					"rotation": {
						"0.00000": {
							"post": [-7.5, 0, 0]
						},
						"0.50000": {
							"post": [-12.5, 0, 0]
						}
					}
				},
				"body7": {
					"rotation": [0, 0, 0]
				},
				"body8": {
					"rotation": [-5, 0, 0]
				},
				"body9": {
					"rotation": [-5, 0, 0]
				},
				"body10": {
					"rotation": [-7.42391, 1.33591, 0.22942]
				},
				"tongue": {
					"rotation": [0, 0, 0]
				}
			}
		},
		"animation.biomes.parasitic_worm.crawl": {
			"loop": true,
			"animation_length": 2,
			"bones": {
				"body": {
					"rotation": [0, "-(-Math.sin(-query.anim_time*180+(20*2))*8)", 0],
					"position": ["-(-Math.sin(-query.anim_time *180 +   0) *5)", 0, 0]
				},
				"body2": {
					"rotation": [0, "-(-Math.sin(-query.anim_time*180+(20*4))*10)", 0]
				},
				"body3": {
					"rotation": [0, "-(-Math.sin(-query.anim_time*180+(20*8))*13)", 0]
				},
				"body4": {
					"rotation": [0, "-(-Math.sin(-query.anim_time*180+(20*10))*16)", 0]
				},
				"body5": {
					"rotation": [0, "-(2.06-Math.sin(-query.anim_time*180+(20*12))*18)", 0]
				},
				"body6": {
					"rotation": [0, "-(2.6218-Math.sin(-query.anim_time*180+(20*14))*20)", 0]
				},
				"body7": {
					"rotation": [0, "-(2.6218-Math.sin(-query.anim_time*180+(20*16))*22)", 0]
				},
				"body8": {
					"rotation": [0, "-(-6.1-Math.sin(-query.anim_time*180+(20*18))*24)", 0]
				},
				"body9": {
					"rotation": [0, "-(-0.4842-Math.sin(-query.anim_time*180+(20*20))*25)", 0]
				},
				"body10": {
					"rotation": [0, "-(2.0257-Math.sin(-query.anim_time*180+(20*22))*30)", 0]
				},
				"tongue": {
					"rotation": {
						"0.00000": {
							"post": [22.5, 0, 0]
						},
						"0.25000": {
							"post": [10, 0, 0],
							"lerp_mode": "catmullrom"
						},
						"0.50000": {
							"post": [13.33, 0, 0],
							"lerp_mode": "catmullrom"
						},
						"0.75000": {
							"post": [20.41, 0, 0],
							"lerp_mode": "catmullrom"
						},
						"1.00000": {
							"post": [22.5, 0, 0],
							"lerp_mode": "catmullrom"
						},
						"1.25000": {
							"post": [10, 0, 0],
							"lerp_mode": "catmullrom"
						},
						"1.50000": {
							"post": [13.33, 0, 0],
							"lerp_mode": "catmullrom"
						},
						"1.75000": {
							"post": [20.41, 0, 0],
							"lerp_mode": "catmullrom"
						},
						"2.00000": {
							"post": [22.5, 0, 0]
						}
					},
					"position": [0, 0, -1]
				},