{
	"format_version": "1.8.0",
	"animations": {
		"animation.mauk.shadow_child.idle": {
			"loop": true,
			"animation_length": 2,
			"bones": {
				"right_leg": {
					"rotation": [0, 0, 2.5]
				},
				"left_leg": {
					"rotation": [0, 0, -2.5]
				},
				"white_pom": {
					"rotation": [0, 0, "Math.cos(query.anim_time*180-90)*15"]
				},
				"body2": {
					"rotation": [0, 0, "Math.cos(query.anim_time*180)*3"]
				},
				"left_hand": {
					"rotation": [0, 0, "-15-Math.cos(query.anim_time*180*2-32)*8"]
				},
				"right_hand": {
					"rotation": [0, 0, "15+Math.cos(query.anim_time*180*2-32)*8"]
				},
				"teddy_bear": {
					"rotation": [0, 0, "-7.5+Math.cos(query.anim_time*180*2-90)*8"]
				},
				"head": {
					"rotation": [0, 0, "Math.cos(query.anim_time*180-70)*8"]
				},
				"group": {
					"rotation": [0, "-Math.cos(query.anim_time*180+20)*17", 0]
				}
			}
		},
		"animation.mauk.shadow_child.walk": {
			"loop": true,
			"animation_length": 1,
			"bones": {
				"right_leg": {
					"rotation": {
						"0.0": [-7.64527, -0.87014, 0.78572],
						"0.125": [17.43, -0.44, 0.39],
						"0.25": [42.5, 0, 0],
						"0.375": [47.5, 0, 0],
						"0.5": [37.5, 0, 0],
						"0.625": [20.62, 0, 0],
						"0.6667": [29.16, 0, 0],
						"0.75": [8.75, 0, 0],
						"0.875": [1.62, 0, 0],
						"1.0": [-7.64527, -0.87014, 0.78572]
					},
					"position": {
						"0.0": [0, 1.15, -2.5],
						"0.0417": [0, 0.15, -3],
						"0.125": [0, -0.05, -4],
						"0.25": [0, 0, 0],
						"0.375": [0, 0.25, 0],
						"0.5": [0, -0.55, 0],
						"0.625": [0, -0.62, 0.45],
						"0.6667": [0, -0.78, -0.53],
						"0.75": [0, 1.75, -2.5],
						"0.875": [0, 1.58, -2.87],
						"1.0": [0, 1.15, -2.5]
					}
				},
				"left_leg": {
					"rotation": {
						"0.0": [37.5, 0, 0],
						"0.125": [20.62, 0, 0],
						"0.1667": [29.16, 0, 0],
						"0.25": [8.75, 0, 0],
						"0.375": [1.62, 0, 0],
						"0.5": [-7.64527, 0.87014, -0.78572],
						"0.625": [17.43, 0.44, -0.39],
						"0.75": [42.5, 0, 0],
						"0.875": [47.5, 0, 0],
						"1.0": [37.5, 0, 0]
					},
					"position": {
						"0.0": [0, -0.55, 0],
						"0.125": [0, -0.62, 0.45],
						"0.1667": [0, -0.78, -0.53],
						"0.25": [0, 1.75, -2.5],
						"0.375": [0, 1.58, -2.87],
						"0.5": [0, 1.15, -2.5],
						"0.5417": [0, 0.15, -3],
						"0.625": [0, -0.05, -4],
						"0.75": [0, 0, 0],
						"0.875": [0, 0.25, 0],
						"1.0": [0, -0.55, 0]
					}
				},
				"white_pom": {
					"rotation": {
						"0.0": [12.25, 0, 0],
						"0.25": {
							"pre": [-24.5, 0, 0],
							"post": [-24.5, 0, 0],
							"lerp_mode": "catmullrom"
						},
						"0.5": {
							"post": [8.75, 0, 0],
							"lerp_mode": "catmullrom"
						},
						"0.75": {
							"post": [-24.5, 0, 0],
							"lerp_mode": "catmullrom"
						},
						"1.0": [12.25, 0, 0]
					}
				},
				"body2": {
					"rotation": {
						"0.0": [5.03852, 5.19038, 0.44067],
						"0.25": [5.02645, -2.93784, 0.02896],
						"0.375": [5.03852, -9.99038, -0.44067],
						"0.75": [5.04, 2.9, 0.22],
						"0.875": [5.03852, 9.99038, 0.44067],
						"1.0": [5.03852, 5.19038, 0.44067]
					},
					"position": {
						"0.0": [0, -0.19, 0],
						"0.125": [0, -1, 0],
						"0.25": [0, 0, 0],
						"0.375": [0, -0.1, 0],
						"0.5": [0, -0.19, 0],
						"0.625": [0, -1, 0],
						"0.75": [0, 0, 0],
						"0.875": [0, -0.1, 0],
						"1.0": [0, -0.19, 0]
					}
				},
				"right_hand": {
					"rotation": {
						"0.0": [57.45, -5.2, 4.44],
						"0.0417": [56.63905, -4.26163, 4.55186],
						"0.125": [39.38042, -0.50921, 5.01886],
						"0.375": [-58.89546, 10.74805, 6.41984],
						"0.5": [-66.39546, 10.74805, 6.41984],
						"0.625": [-49.34085, 5.11942, 5.71935],
						"0.875": [54.76837, -6.13784, 4.31837],
						"0.9583": [58.27, -6.14, 4.32],
						"1.0": [57.45, -5.2, 4.44]
					}
				},
				"teddy_bear": {
					"rotation": {
						"0.0": [0, 17.5, 0],
						"0.25": {
							"pre": [0, 32.5, 0],
							"post": [0, 32.5, 0],
							"lerp_mode": "catmullrom"
						},
						"0.5": {
							"post": [0, -27.5, 0],
							"lerp_mode": "catmullrom"
						},
						"0.75": {
							"post": [0, -35, 0],
							"lerp_mode": "catmullrom"
						},
						"1.0": [0, 17.5, 0]
					}
				},
				"left_hand": {
					"rotation": {
						"0.0": [-63.89546, -10.74805, -6.41984],
						"0.125": [-49.34085, -5.11942, -5.71935],
						"0.375": [54.76837, 6.13784, -4.31837],
						"0.4583": [58.27, 6.14, -4.32],
						"0.5417": [56.63905, 4.26163, -4.55186],
						"0.625": [39.38042, 0.50921, -5.01886],
						"0.875": [-58.89546, -10.74805, -6.41984],
						"1.0": [-66.39546, -10.74805, -6.41984]
					}
				},
				"head": {
					"rotation": {
						"0.0": [-3.4, -5, 0],
						"0.125": [-1.85, -1.13, 0],
						"0.25": [2.7, 2.75, 0],
						"0.3333": [-2.83333, 7.49667, 0],
						"0.375": [-5, 9.87, 0],
						"0.5": [-4.2, 5, 0],
						"0.75": [2.5, -2.75, 0],
						"0.8333": [-2.53333, -7.49667, 0],
						"0.875": [-4.9, -9.87, 0],
						"1.0": [-3.3, -5, 0]
					}
				},
				"group": {
					"rotation": {
						"0.0": [7.4, 0, 0],
						"0.0417": [6.44, 0, 0],
						"0.125": [-4.17, 0, 0],
						"0.2083": [-3.91, 0, 0],
						"0.2917": [0.75, 0, 0],
						"0.375": [6.8, 0, 0],
						"0.4583": [7.54, 0, 0],
						"0.5417": [5.63, 0, 0],
						"0.625": [-4.17, 0, 0],
						"0.7083": [-3.71, 0, 0],
						"0.7917": [1.75, 0, 0],
						"0.875": [6.8, 0, 0],
						"1.0": [7.4, 0, 0]
					},
					"position": {
						"0.0": [0, 0, 0],
						"1.0": [0, 0, 0]
					}
				}
			}
		},
		"animation.mauk.shadow_child.skill": {
			"loop": true,
			"animation_length": 0.25,
			"bones": {
				"right_leg": {
					"rotation": {
						"0.0": [-7.64527, -0.87014, 0.78572],
						"0.0417": [42.5, 0, 0],
						"0.0833": [47.5, 0, 0],
						"0.125": [20.62, 0, 0],
						"0.1667": [8.75, 0, 0],
						"0.2083": [1.62, 0, 0],
						"0.25": [-7.64527, -0.87014, 0.78572]
					},
					"position": {
						"0.0": [0, 1.15, -2.5],
						"0.0417": [0, 0, 0],
						"0.0833": [0, 0.25, 0],
						"0.125": [0, -0.62, 0.45],
						"0.1667": [0, 1.75, -2.5],
						"0.2083": [0, 1.58, -2.87],
						"0.25": [0, 1.15, -2.5]
					}
				},
				"left_leg": {
					"rotation": {
						"0.0": [20.62, 0, 0],
						"0.0417": [8.75, 0, 0],
						"0.0833": [1.62, 0, 0],
						"0.125": [-7.64527, 0.87014, -0.78572],
						"0.1667": [42.5, 0, 0],
						"0.2083": [47.5, 0, 0],
						"0.25": [37.5, 0, 0]
					},
					"position": {
						"0.0": [0, -0.62, 0.45],
						"0.0417": [0, 1.75, -2.5],
						"0.0833": [0, 1.58, -2.87],
						"0.125": [0, 1.15, -2.5],
						"0.1667": [0, 0, 0],
						"0.2083": [0, 0.25, 0],
						"0.25": [0, -0.55, 0]
					}
				},
				"white_pom": {
					"rotation": {
						"0.0": [12.25, 0, 0],
						"0.0417": {
							"pre": [-24.5, 0, 0],
							"post": [-24.5, 0, 0],
							"lerp_mode": "catmullrom"
						},
						"0.125": {
							"post": [8.75, 0, 0],
							"lerp_mode": "catmullrom"
						},
						"0.1667": {
							"post": [-24.5, 0, 0],
							"lerp_mode": "catmullrom"
						},
						"0.25": [12.25, 0, 0]
					}
				},
				"body2": {
					"rotation": {
						"0.0": [5.03852, 5.19038, 0.44067],
						"0.0417": [5.02645, -2.93784, 0.02896],
						"0.0833": [5.03852, -9.99038, -0.44067],
						"0.1667": [5.04, 2.9, 0.22],
						"0.2083": [5.03852, 9.99038, 0.44067],
						"0.25": [5.03852, 5.19038, 0.44067]
					},
					"position": {
						"0.0": [0, -1, 0],
						"0.0417": [0, 0, 0],
						"0.0833": [0, -0.1, 0],
						"0.125": [0, -1, 0],
						"0.1667": [0, 0, 0],
						"0.2083": [0, -0.1, 0],
						"0.25": [0, -0.19, 0]
					}
				},
				"right_hand": {
					"rotation": {
						"0.0": [39.38042, -0.50921, 5.01886],
						"0.0833": [-58.89546, 10.74805, 6.41984],
						"0.125": [-49.34085, 5.11942, 5.71935],
						"0.2083": [54.76837, -6.13784, 4.31837],
						"0.25": [57.45, -5.2, 4.44]
					}
				},
				"teddy_bear": {
					"rotation": {
						"0.0": [0, 17.5, 0],
						"0.0417": {
							"pre": [0, 32.5, 0],